Year,Month,Area,Boat,Gear,Nlength,TripDays,Catch
1992,7,Akhlaspur,BN067,Gillnet,92,1,2
1992,8,Akhlaspur,BN120,Gillnet,14,1,3
1992,9,Akhlaspur,BN322,Gillnet,92,1,35
1992,10,Akhlaspur,BN389,Gillnet,92,1,40
1992,10,Akhlaspur,BN392,Gillnet,46,1,15
1992,12,Akhlaspur,BN611,Gillnet,23,1,7
1992,7,BayofBengal,BN001,Gillnet,256,4,480
1992,7,BayofBengal,BN002,Gillnet,274,3,240
1992,7,BayofBengal,BN003,Gillnet,400,11,115
1992,7,BayofBengal,BN004,Gillnet,229,8,40
1992,7,BayofBengal,BN005,Gillnet,288,4,83
1992,7,BayofBengal,BN006,Gillnet,400,8,10
1992,7,BayofBengal,BN007,Gillnet,150,3,60
1992,7,BayofBengal,BN008,Gillnet,200,6,30
1992,7,BayofBengal,BN009,Gillnet,330,6,15
1992,7,BayofBengal,BN073,Gillnet,52,3,6
1992,7,BayofBengal,BN074,Gillnet,260,7,20
1992,8,BayofBengal,BN112,Gillnet,240,8,800
1992,8,BayofBengal,BN113,Gillnet,320,8,400
1992,8,BayofBengal,BN114,Gillnet,288,8,640
1992,8,BayofBengal,BN115,Gillnet,132,7,640
1992,8,BayofBengal,BN116,Gillnet,288,8,400
1992,8,BayofBengal,BN117,Gillnet,400,8,160
1992,8,BayofBengal,BN131,Gillnet,350,3,221
1992,8,BayofBengal,BN132,Gillnet,300,4,256
1992,8,BayofBengal,BN133,Gillnet,350,3,181
1992,8,BayofBengal,BN134,Gillnet,300,4,140
1992,8,BayofBengal,BN135,Gillnet,300,4,80
1992,8,BayofBengal,BN136,Gillnet,150,4,140
1992,8,BayofBengal,BN137,Gillnet,300,3,172
1992,9,BayofBengal,BN249,Gillnet,288,8,600
1992,9,BayofBengal,BN250,Gillnet,288,8,600
1992,9,BayofBengal,BN251,Gillnet,288,9,360
1992,9,BayofBengal,BN252,Gillnet,320,6,400
1992,9,BayofBengal,BN253,Gillnet,229,6,120
1992,9,BayofBengal,BN254,Gillnet,274,6,800
1992,9,BayofBengal,BN255,Gillnet,45,5,120
1992,9,BayofBengal,BN256,Gillnet,300,7,360
1992,9,BayofBengal,BN257,Gillnet,180,6,250
1992,9,BayofBengal,BN258,Gillnet,300,8,310
1992,9,BayofBengal,BN259,Gillnet,300,5,320
1992,10,BayofBengal,BN367,Gillnet,300,3,25
1992,10,BayofBengal,BN368,Gillnet,300,5,70
1992,10,BayofBengal,BN369,Gillnet,300,8,727
1992,10,BayofBengal,BN370,Gillnet,500,4,210
1992,10,BayofBengal,BN371,Gillnet,300,5,20
1992,10,BayofBengal,BN372,Gillnet,1000,10,800
1992,10,BayofBengal,BN373,Gillnet,300,6,1080
1992,10,BayofBengal,BN374,Gillnet,150,5,160
1992,10,BayofBengal,BN375,Gillnet,500,3,120
1992,10,BayofBengal,BN376,Gillnet,300,6,140
1992,10,BayofBengal,BN377,Gillnet,300,6,250
1992,10,BayofBengal,BN378,Gillnet,300,5,380
1992,10,BayofBengal,BN379,Gillnet,300,3,360
1992,10,BayofBengal,BN380,Gillnet,300,4,240
1992,10,BayofBengal,BN381,Gillnet,300,4,200
1992,10,BayofBengal,BN382,Gillnet,300,4,200
1992,10,BayofBengal,BN384,Gillnet,240,2,200
1992,11,BayofBengal,BN479,Gillnet,220,8,80
1992,11,BayofBengal,BN480,Gillnet,192,9,1200
1992,11,BayofBengal,BN481,Gillnet,160,6,1000
1992,11,BayofBengal,BN482,Gillnet,192,6,95
1992,11,BayofBengal,BN483,Gillnet,160,8,400
1992,11,BayofBengal,BN484,Gillnet,224,6,80
1992,11,BayofBengal,BN518,Gillnet,144,8,160
1992,11,BayofBengal,BN519,Gillnet,230,8,240
1992,11,BayofBengal,BN520,Gillnet,192,11,80
1992,11,BayofBengal,BN522,Gillnet,218,9,1000
1992,12,BayofBengal,BN521,Gillnet,218,8,94
1992,12,BayofBengal,BN651,Gillnet,150,6,65
1993,1,BayofBengal,BN1068,Gillnet,480,8,240
1993,1,BayofBengal,BN814,Gillnet,300,6,0
1993,2,BayofBengal,BN876,Gillnet,50,7,0
1993,2,BayofBengal,BN877,Gillnet,200,4,0
1993,2,BayofBengal,BN878,Gillnet,250,6,0
1993,2,BayofBengal,BN879,Gillnet,300,4,0
1993,2,BayofBengal,BN880,Gillnet,250,5,40
1993,2,BayofBengal,BN904,Gillnet,250,9,0
1993,2,BayofBengal,BN938,Gillnet,150,6,50
1993,2,BayofBengal,BN939,Gillnet,150,3,70
1992,7,Bhola,BN065,Gillnet,50,1,8
1992,8,Bhola,BN186,Gillnet,150,2,8
1992,8,Bhola,BN187,Gillnet,200,2,9
1992,8,Bhola,BN188,Gillnet,200,1,7
1992,8,Bhola,BN190,Gillnet,200,1,9
1992,8,Bhola,BN193,Gillnet,200,3,14
1992,8,Bhola,BN197,Gillnet,80,2,7
1992,8,Bhola,BN204,Gillnet,100,2,3
1992,9,Bhola,BN311,Gillnet,25,1,9
1992,10,Bhola,BN425,Gillnet,100,1,9
1992,8,Bolashia,BN123,Gillnet,12,1,6
1992,8,Bolashia,BN124,Gillnet,55,1,40
1992,9,Bolashia,BN331,Gillnet,41,1,4
1992,11,Bolashia,BN513,Gillnet,92,1,7
1992,11,Bolashia,BN514,Gillnet,18,1,4
1992,11,Bolashia,BN516,Gillnet,18,1,3
1992,12,Bolashia,BN609,Gillnet,23,1,2
1992,12,Bolashia,BN631,Gillnet,0,1,0
1992,12,Bolashia,BN633,Gillnet,28,1,2
1992,7,BayofBengal,BN010,Gillnet,75,1,3
1992,7,BayofBengal,BN011,Gillnet,100,1,2
1992,7,BayofBengal,BN012,Gillnet,80,1,2
1992,7,BayofBengal,BN013,Gillnet,70,1,1
1992,7,BayofBengal,BN014,Gillnet,50,1,0
1992,7,BayofBengal,BN015,Gillnet,75,1,2
1992,7,BayofBengal,BN016,Gillnet,70,1,2
1992,7,BayofBengal,BN017,Gillnet,100,1,0
1992,7,BayofBengal,BN018,Gillnet,150,1,2
1992,8,BayofBengal,BN138,Gillnet,75,1,2
1992,8,BayofBengal,BN139,Gillnet,60,1,4
1992,8,BayofBengal,BN140,Gillnet,50,1,0
1992,8,BayofBengal,BN141,Gillnet,65,1,4
1992,8,BayofBengal,BN142,Gillnet,75,1,0
1992,8,BayofBengal,BN143,Gillnet,75,1,3
1992,8,BayofBengal,BN144,Gillnet,75,1,5
1992,8,BayofBengal,BN145,Gillnet,80,1,1
1992,9,BayofBengal,BN248,Gillnet,350,7,4
1992,9,BayofBengal,BN260,Gillnet,100,1,4
1992,9,BayofBengal,BN261,Gillnet,150,1,0
1992,9,BayofBengal,BN262,Gillnet,80,1,0
1992,9,BayofBengal,BN263,Gillnet,100,1,0
1992,9,BayofBengal,BN264,Gillnet,60,1,2
1992,9,BayofBengal,BN265,Gillnet,60,1,3
1992,9,BayofBengal,BN266,Gillnet,60,1,0
1992,9,BayofBengal,BN267,Gillnet,80,1,2
1992,9,BayofBengal,BN268,Gillnet,50,1,0
1992,9,BayofBengal,BN269,Gillnet,60,1,0
1992,9,BayofBengal,BN270,Gillnet,60,1,4
1992,9,BayofBengal,BN271,Gillnet,75,1,1
1992,9,BayofBengal,BN272,Gillnet,150,1,0
1992,9,BayofBengal,BN273,Gillnet,100,1,1
1992,9,BayofBengal,BN274,Gillnet,80,1,2
1992,9,BayofBengal,BN275,Gillnet,100,1,2
1992,9,BayofBengal,BN276,Gillnet,50,1,2
1992,9,BayofBengal,BN277,Gillnet,100,1,2
1992,9,BayofBengal,BN278,Gillnet,150,1,1
1992,9,BayofBengal,BN279,Gillnet,100,1,6
1992,9,BayofBengal,BN280,Gillnet,80,1,3
1992,9,BayofBengal,BN281,Gillnet,70,1,2
1992,9,BayofBengal,BN282,Gillnet,75,1,2
1992,9,BayofBengal,BN283,Gillnet,60,1,2
1992,9,BayofBengal,BN284,Gillnet,50,1,2
1992,10,BayofBengal,BN396,Gillnet,50,1,2
1992,10,BayofBengal,BN397,Gillnet,150,1,2
1992,10,BayofBengal,BN398,Gillnet,100,1,5
1992,10,BayofBengal,BN399,Gillnet,70,1,5
1992,10,BayofBengal,BN465,Gillnet,75,1,15
1992,10,BayofBengal,BN466,Gillnet,100,1,10
1992,10,BayofBengal,BN467,Gillnet,250,1,3
1992,10,BayofBengal,BN468,Gillnet,65,1,0
1992,10,BayofBengal,BN469,Gillnet,75,1,5
1992,10,BayofBengal,BN470,Gillnet,250,1,10
1992,10,BayofBengal,BN471,Gillnet,100,1,6
1992,10,BayofBengal,BN472,Gillnet,350,1,15
1992,10,BayofBengal,BN473,Gillnet,150,1,7
1992,10,BayofBengal,BN474,Gillnet,100,1,2
1992,10,BayofBengal,BN475,Gillnet,170,1,6
1992,10,BayofBengal,BN476,Gillnet,120,1,5
1992,10,BayofBengal,BN477,Gillnet,150,1,4
1992,10,BayofBengal,BN478,Gillnet,100,1,5
1992,11,BayofBengal,BN560,Gillnet,40,1,0
1992,11,BayofBengal,BN561,Gillnet,70,1,2
1992,11,BayofBengal,BN562,Gillnet,70,1,4
1992,11,BayofBengal,BN563,Gillnet,170,1,5
1992,11,BayofBengal,BN564,Gillnet,150,1,3
1992,11,BayofBengal,BN565,Gillnet,120,1,4
1992,11,BayofBengal,BN566,Gillnet,40,1,0
1992,11,BayofBengal,BN567,Gillnet,40,1,0
1992,11,BayofBengal,BN568,Gillnet,55,1,2
1992,11,BayofBengal,BN569,Gillnet,100,1,5
1992,11,BayofBengal,BN570,Gillnet,200,1,6
1992,11,BayofBengal,BN571,Gillnet,90,1,6
1992,11,BayofBengal,BN572,Gillnet,100,1,3
1992,11,BayofBengal,BN573,Gillnet,150,1,4
1992,11,BayofBengal,BN574,Gillnet,80,1,2
1992,11,BayofBengal,BN575,Gillnet,50,1,0
1992,11,BayofBengal,BN576,Gillnet,50,1,0
1992,11,BayofBengal,BN577,Gillnet,100,1,2
1992,11,BayofBengal,BN578,Gillnet,100,1,5
1992,11,BayofBengal,BN579,Gillnet,150,1,5
1992,11,BayofBengal,BN580,Gillnet,50,1,2
1992,11,BayofBengal,BN581,Gillnet,80,1,3
1992,11,BayofBengal,BN582,Gillnet,50,1,0
1992,11,BayofBengal,BN583,Gillnet,100,1,1
1992,11,BayofBengal,BN584,Gillnet,170,1,2
1992,11,BayofBengal,BN585,Gillnet,250,1,2
1992,11,BayofBengal,BN586,Gillnet,300,1,3
1992,11,BayofBengal,BN587,Gillnet,250,1,0
1992,11,BayofBengal,BN588,Gillnet,300,1,3
1992,11,BayofBengal,BN589,Gillnet,250,1,4
1992,11,BayofBengal,BN590,Gillnet,50,1,0
1992,11,BayofBengal,BN591,Gillnet,200,1,0
1992,11,BayofBengal,BN592,Gillnet,350,1,2
1992,11,BayofBengal,BN593,Gillnet,250,1,3
1992,11,BayofBengal,BN594,Gillnet,280,1,2
1992,11,BayofBengal,BN595,Gillnet,450,1,4
1992,11,BayofBengal,BN596,Gillnet,250,1,0
1992,11,BayofBengal,BN597,Gillnet,400,1,3
1992,11,BayofBengal,BN598,Gillnet,500,1,4
1992,11,BayofBengal,BN599,Gillnet,200,1,0
1992,11,BayofBengal,BN600,Gillnet,50,1,0
1992,12,BayofBengal,BN601,Gillnet,100,1,3
1992,12,BayofBengal,BN602,Gillnet,200,1,4
1992,12,BayofBengal,BN603,Gillnet,200,1,0
1992,12,BayofBengal,BN604,Gillnet,100,1,5
1992,12,BayofBengal,BN605,Gillnet,10,1,3
1992,12,BayofBengal,BN652,Gillnet,50,1,3
1992,12,BayofBengal,BN653,Gillnet,100,1,12
1992,12,BayofBengal,BN654,Gillnet,25,1,2
1992,12,BayofBengal,BN655,Gillnet,100,1,2
1992,12,BayofBengal,BN656,Gillnet,100,1,3
1992,12,BayofBengal,BN657,Gillnet,150,1,3
1992,12,BayofBengal,BN658,Gillnet,250,1,6
1992,12,BayofBengal,BN659,Gillnet,100,1,3
1992,12,BayofBengal,BN660,Gillnet,200,1,6
1992,12,BayofBengal,BN661,Gillnet,100,1,3
1992,12,BayofBengal,BN662,Gillnet,100,1,4
1992,12,BayofBengal,BN663,Gillnet,100,1,4
1992,12,BayofBengal,BN664,Gillnet,100,1,3
1993,1,BayofBengal,BN706,Gillnet,150,1,15
1993,2,BayofBengal,BN844,Gillnet,100,1,2
1993,2,BayofBengal,BN860,Gillnet,100,1,5
1993,2,BayofBengal,BN861,Gillnet,150,1,3
1993,2,BayofBengal,BN862,Gillnet,70,1,3
1993,2,BayofBengal,BN863,Gillnet,70,1,2
1993,2,BayofBengal,BN864,Gillnet,100,1,5
1993,2,BayofBengal,BN865,Gillnet,50,1,0
1993,2,BayofBengal,BN866,Gillnet,120,1,2
1993,2,BayofBengal,BN867,Gillnet,100,1,3
1993,2,BayofBengal,BN868,Gillnet,50,1,0
1993,2,BayofBengal,BN869,Gillnet,100,1,2
1993,2,BayofBengal,BN870,Gillnet,100,1,10
1993,2,BayofBengal,BN871,Gillnet,120,1,3
1993,2,BayofBengal,BN872,Gillnet,150,1,4
1993,2,BayofBengal,BN873,Gillnet,50,1,3
1993,2,BayofBengal,BN874,Gillnet,150,1,16
1993,2,BayofBengal,BN875,Gillnet,60,1,3
1993,2,BayofBengal,BN905,Gillnet,80,1,1
1993,2,BayofBengal,BN906,Gillnet,50,1,0
1993,2,BayofBengal,BN907,Gillnet,60,1,4
1993,2,BayofBengal,BN908,Gillnet,150,1,2
1993,2,BayofBengal,BN909,Gillnet,40,1,2
1993,2,BayofBengal,BN910,Gillnet,70,1,1
1993,2,BayofBengal,BN911,Gillnet,70,1,2
1993,2,BayofBengal,BN912,Gillnet,100,1,1
1993,3,BayofBengal,BN1000,Gillnet,50,1,3
1993,3,BayofBengal,BN1001,Gillnet,40,1,2
1993,3,BayofBengal,BN1002,Gillnet,80,1,0
1993,3,BayofBengal,BN954,Gillnet,60,1,1
1993,3,BayofBengal,BN955,Gillnet,70,1,4
1993,3,BayofBengal,BN956,Gillnet,80,1,2
1993,3,BayofBengal,BN957,Gillnet,20,1,0
1993,3,BayofBengal,BN958,Gillnet,90,1,2
1993,3,BayofBengal,BN959,Gillnet,20,1,0
1993,3,BayofBengal,BN983,Gillnet,80,1,4
1993,3,BayofBengal,BN984,Gillnet,40,1,0
1993,3,BayofBengal,BN985,Gillnet,20,1,0
1993,3,BayofBengal,BN986,Gillnet,20,1,0
1993,3,BayofBengal,BN987,Gillnet,30,1,0
1993,3,BayofBengal,BN988,Gillnet,40,1,700
1993,3,BayofBengal,BN989,Gillnet,100,1,4
1993,3,BayofBengal,BN990,Gillnet,50,1,0
1993,3,BayofBengal,BN991,Gillnet,40,1,0
1993,3,BayofBengal,BN992,Gillnet,100,1,2
1993,3,BayofBengal,BN993,Gillnet,50,1,0
1993,3,BayofBengal,BN994,Gillnet,25,1,0
1993,3,BayofBengal,BN995,Gillnet,40,1,2
1993,3,BayofBengal,BN996,Gillnet,35,1,1
1993,3,BayofBengal,BN997,Gillnet,80,1,3
1993,3,BayofBengal,BN998,Gillnet,40,1,0
1993,3,BayofBengal,BN999,Gillnet,20,1,0
1993,4,BayofBengal,BN1021,Gillnet,100,1,1
1993,4,BayofBengal,BN1022,Gillnet,80,1,1
1993,4,BayofBengal,BN1025,Gillnet,70,1,2
1993,4,BayofBengal,BN1026,Gillnet,150,1,4
1993,4,BayofBengal,BN1036,Gillnet,100,1,2
1993,4,BayofBengal,BN1037,Gillnet,100,1,1
1993,4,BayofBengal,BN1038,Gillnet,70,1,2
1993,4,BayofBengal,BN1039,Gillnet,30,1,4
1992,7,CharBhoirobi,BN072,Gillnet,92,1,4
1992,8,CharBhoirobi,BN111,Gillnet,92,1,25
1992,8,CharBhoirobi,BN119,Gillnet,101,1,15
1992,8,CharBhoirobi,BN146,Gillnet,18,1,2
1992,8,CharBhoirobi,BN147,Gillnet,9,1,1
1992,8,CharBhoirobi,BN152,Gillnet,32,1,5
1992,8,CharBhoirobi,BN153,Gillnet,92,1,15
1992,8,CharBhoirobi,BN154,Gillnet,28,1,5
1992,8,CharBhoirobi,BN155,Gillnet,9,1,7
1992,8,CharBhoirobi,BN205,Gillnet,92,1,15
1992,9,CharBhoirobi,BN329,Gillnet,92,1,7
1992,10,CharBhoirobi,BN385,Gillnet,92,1,10
1992,10,CharBhoirobi,BN427,Gillnet,18,1,4
1992,11,CharBhoirobi,BN494,Gillnet,18,1,7
1992,12,CharBhoirobi,BN630,Gillnet,55,1,1
1993,1,CharBhoirobi,BN707,Gillnet,92,1,12
1992,8,Fosondopur,BN121,Gillnet,69,1,17
1992,8,Fosondopur,BN125,Gillnet,51,1,4
1992,8,Fosondopur,BN127,Gillnet,18,1,12
1992,8,Fosondopur,BN129,Gillnet,11,1,3
1992,8,Fosondopur,BN149,Gillnet,55,1,12
1992,8,Fosondopur,BN156,Gillnet,14,1,3
1992,9,Fosondopur,BN313,Gillnet,23,1,5
1992,9,Fosondopur,BN323,Gillnet,28,1,6
1992,9,Fosondopur,BN325,Gillnet,46,1,8
1992,10,Fosondopur,BN391,Gillnet,138,1,12
1992,10,Fosondopur,BN394,Gillnet,41,1,6
1992,10,Fosondopur,BN426,Gillnet,46,1,3
1992,12,Fosondopur,BN608,Gillnet,18,1,3
1992,12,Fosondopur,BN612,Gillnet,138,1,7
1992,12,Fosondopur,BN613,Gillnet,35,1,10
1992,7,Horina,BN068,Gillnet,74,1,4
1992,8,Horina,BN109,Gillnet,92,1,25
1992,8,Horina,BN110,Gillnet,9,1,1
1992,8,Horina,BN128,Gillnet,18,1,2
1992,8,Horina,BN148,Gillnet,21,1,5
1992,8,Horina,BN206,Gillnet,18,1,3
1992,9,Horina,BN332,Gillnet,18,1,5
1992,10,Horina,BN395,Gillnet,92,1,8
1992,10,Horina,BN429,Gillnet,23,1,4
1992,12,Horina,BN614,Gillnet,110,1,10
1993,1,Horina,BN708,Gillnet,37,1,20
1993,1,Horina,BN710,Gillnet,23,1,3
1993,1,Horina,BN711,Gillnet,32,1,25
1993,1,Horina,BN715,Gillnet,69,1,2
1993,1,Horina,BN716,Gillnet,14,1,1
1993,1,Horina,BN717,Gillnet,69,1,20
1993,2,Horina,BN846,Gillnet,20,1,16
1993,2,Horina,BN847,Gillnet,90,2,11
1993,2,Horina,BN848,Gillnet,70,1,10
1993,5,Horina,BN1090,Gillnet,100,1,15
1993,5,Horina,BN1091,Gillnet,100,1,10
1993,5,Horina,BN1092,Gillnet,90,1,20
1993,5,Horina,BN1093,Gillnet,100,1,10
1993,5,Horina,BN1094,Gillnet,80,1,20
1993,6,Horina,BN1134,Gillnet,28,1,1
1993,6,Horina,BN1135,Gillnet,70,1,4
1993,6,Horina,BN1136,Gillnet,80,1,5
1993,6,Horina,BN1165,Gillnet,85,1,10
1993,6,Horina,BN1170,Gillnet,100,1,12
1993,6,Horina,BN1173,Gillnet,90,1,7
1993,6,Horina,BN1174,Gillnet,85,1,8
1992,7,Katakhali,BN066,Gillnet,55,1,3
1992,7,Katakhali,BN071,Gillnet,92,1,3
1992,8,Katakhali,BN118,Gillnet,83,1,30
1992,8,Katakhali,BN122,Gillnet,92,1,3
1992,8,Katakhali,BN126,Gillnet,92,1,13
1992,8,Katakhali,BN130,Gillnet,23,1,3
1992,8,Katakhali,BN150,Gillnet,69,1,10
1992,8,Katakhali,BN157,Gillnet,23,1,3
1992,9,Katakhali,BN314,Gillnet,64,1,15
1992,9,Katakhali,BN315,Gillnet,87,1,40
1992,9,Katakhali,BN327,Gillnet,18,1,6
1992,10,Katakhali,BN383,Gillnet,69,1,3
1992,10,Katakhali,BN386,Gillnet,74,1,3
1992,10,Katakhali,BN387,Gillnet,78,1,8
1992,10,Katakhali,BN390,Gillnet,78,1,18
1992,10,Katakhali,BN393,Gillnet,92,1,15
1992,10,Katakhali,BN428,Gillnet,21,1,4
1992,11,Katakhali,BN493,Gillnet,69,1,8
1992,12,Katakhali,BN610,Gillnet,28,1,2
1993,1,Katakhali,BN709,Gillnet,28,1,5
1993,1,Katakhali,BN714,Gillnet,14,1,12
1993,2,Katakhali,BN849,Gillnet,15,1,1
1993,6,Katakhali,BN1137,Gillnet,73,1,5
1993,6,Katakhali,BN1166,Gillnet,100,1,11
1993,6,Katakhali,BN1167,Gillnet,25,1,2
1993,6,Katakhali,BN1168,Gillnet,90,1,10
1993,6,Katakhali,BN1169,Gillnet,60,1,12
1993,6,Katakhali,BN1171,Gillnet,50,1,10
1993,6,Katakhali,BN1172,Gillnet,80,1,14
1992,7,Lakshmipur,BN054,Gillnet,15,1,3
1992,7,Lakshmipur,BN055,Gillnet,10,1,2
1992,7,Lakshmipur,BN056,Gillnet,150,2,8
1992,7,Lakshmipur,BN057,Gillnet,13,1,6
1992,7,Lakshmipur,BN058,Gillnet,15,1,8
1992,7,Lakshmipur,BN059,Gillnet,100,3,11
1992,7,Lakshmipur,BN060,Gillnet,60,1,6
1992,7,Lakshmipur,BN061,Gillnet,10,1,8
1992,7,Lakshmipur,BN062,Gillnet,100,1,4
1992,7,Lakshmipur,BN063,Gillnet,75,1,8
1992,7,Lakshmipur,BN064,Gillnet,80,1,2
1992,8,Lakshmipur,BN183,Gillnet,100,1,3
1992,8,Lakshmipur,BN184,Gillnet,100,1,5
1992,8,Lakshmipur,BN189,Gillnet,10,1,2
1992,8,Lakshmipur,BN191,Gillnet,100,1,7
1992,8,Lakshmipur,BN192,Gillnet,100,1,4
1992,8,Lakshmipur,BN195,Gillnet,100,1,5
1992,8,Lakshmipur,BN196,Gillnet,100,1,6
1992,8,Lakshmipur,BN198,Gillnet,100,1,4
1992,8,Lakshmipur,BN199,Gillnet,50,2,9
1992,8,Lakshmipur,BN200,Gillnet,50,1,3
1992,8,Lakshmipur,BN202,Gillnet,100,2,8
1992,8,Lakshmipur,BN203,Gillnet,100,2,8
1992,9,Lakshmipur,BN309,Gillnet,150,1,9
1992,9,Lakshmipur,BN310,Gillnet,75,1,90
1992,9,Lakshmipur,BN312,Gillnet,13,1,7
1992,10,Lakshmipur,BN417,Gillnet,160,1,8
1992,10,Lakshmipur,BN418,Gillnet,300,1,2
1992,10,Lakshmipur,BN419,Gillnet,100,1,4
1992,10,Lakshmipur,BN420,Gillnet,200,1,3
1992,10,Lakshmipur,BN421,Gillnet,150,1,5
1992,10,Lakshmipur,BN422,Gillnet,200,1,6
1992,10,Lakshmipur,BN423,Gillnet,200,1,5
1992,10,Lakshmipur,BN424,Gillnet,200,1,9
1992,12,Lakshmipur,BN606,Gillnet,90,2,6
1992,12,Lakshmipur,BN607,Gillnet,100,1,2
1992,12,Lakshmipur,BN615,Gillnet,150,1,3
1992,12,Lakshmipur,BN641,Gillnet,120,3,3
1992,12,Lakshmipur,BN642,Gillnet,120,4,2
1992,12,Lakshmipur,BN643,Gillnet,150,2,2
1992,12,Lakshmipur,BN644,Gillnet,70,2,3
1992,12,Lakshmipur,BN645,Gillnet,100,2,3
1992,12,Lakshmipur,BN646,Gillnet,120,2,2
1992,12,Lakshmipur,BN647,Gillnet,80,2,4
1992,12,Lakshmipur,BN648,Gillnet,100,2,2
1992,12,Lakshmipur,BN649,Gillnet,100,2,4
1992,12,Lakshmipur,BN650,Gillnet,120,2,3
1993,1,Lakshmipur,BN734,Gillnet,30,3,9
1993,1,Lakshmipur,BN735,Gillnet,90,2,2
1993,1,Lakshmipur,BN736,Gillnet,45,1,8
1993,1,Lakshmipur,BN737,Gillnet,120,1,7
1993,1,Lakshmipur,BN738,Gillnet,120,1,6
1993,1,Lakshmipur,BN739,Gillnet,120,1,6
1993,1,Lakshmipur,BN740,Gillnet,120,1,5
1993,1,Lakshmipur,BN741,Gillnet,120,1,14
1993,1,Lakshmipur,BN742,Gillnet,100,1,8
1993,1,Lakshmipur,BN743,Gillnet,80,1,20
1993,1,Lakshmipur,BN744,Gillnet,30,1,6
1993,1,Lakshmipur,BN745,Gillnet,160,1,21
1993,1,Lakshmipur,BN746,Gillnet,80,1,7
1993,1,Lakshmipur,BN747,Gillnet,30,1,4
1993,1,Lakshmipur,BN748,Gillnet,120,1,7
1993,1,Lakshmipur,BN749,Gillnet,120,1,21
1993,1,Lakshmipur,BN750,Gillnet,35,1,17
1993,1,Lakshmipur,BN751,Gillnet,135,1,34
1993,1,Lakshmipur,BN752,Gillnet,90,1,20
1993,1,Lakshmipur,BN753,Gillnet,150,1,38
1993,1,Lakshmipur,BN754,Gillnet,70,2,3
1993,1,Lakshmipur,BN755,Gillnet,60,1,36
1993,1,Lakshmipur,BN756,Gillnet,35,1,15
1993,1,Lakshmipur,BN757,Gillnet,80,1,4
1993,2,Lakshmipur,BN850,Gillnet,40,2,17
1993,2,Lakshmipur,BN851,Gillnet,25,1,6
1993,2,Lakshmipur,BN852,Gillnet,25,1,5
1993,2,Lakshmipur,BN853,Gillnet,30,2,11
1993,2,Lakshmipur,BN854,Gillnet,30,1,19
1993,2,Lakshmipur,BN855,Gillnet,60,1,11
1993,2,Lakshmipur,BN856,Gillnet,70,1,20
1993,2,Lakshmipur,BN857,Gillnet,70,2,18
1993,2,Lakshmipur,BN858,Gillnet,30,2,6
1993,2,Lakshmipur,BN859,Gillnet,60,2,6
1993,2,Lakshmipur,BN895,Gillnet,30,1,0
1993,2,Lakshmipur,BN896,Gillnet,15,1,12
1993,2,Lakshmipur,BN897,Gillnet,15,1,5
1993,2,Lakshmipur,BN898,Gillnet,16,1,3
1993,2,Lakshmipur,BN899,Gillnet,30,1,8
1993,2,Lakshmipur,BN900,Gillnet,30,1,19
1993,2,Lakshmipur,BN901,Gillnet,60,1,12
1993,2,Lakshmipur,BN902,Gillnet,60,1,12
1993,2,Lakshmipur,BN903,Gillnet,25,1,6
1993,2,Lakshmipur,BN913,Gillnet,40,1,7
1993,3,Lakshmipur,BN960,Gillnet,30,1,0
1993,3,Lakshmipur,BN961,Gillnet,35,1,0
1993,3,Lakshmipur,BN962,Gillnet,45,1,0
1993,3,Lakshmipur,BN963,Gillnet,50,1,0
1993,3,Lakshmipur,BN964,Gillnet,70,1,0
1993,3,Lakshmipur,BN965,Gillnet,55,1,0
1993,3,Lakshmipur,BN966,Gillnet,80,1,0
1993,3,Lakshmipur,BN967,Gillnet,90,1,0
1993,3,Lakshmipur,BN968,Gillnet,30,1,6
1993,3,Lakshmipur,BN969,Gillnet,60,1,11
1993,3,Lakshmipur,BN970,Gillnet,80,1,15
1993,3,Lakshmipur,BN971,Gillnet,50,1,5
1993,3,Lakshmipur,BN972,Gillnet,60,1,5
1993,3,Lakshmipur,BN973,Gillnet,45,1,0
1993,3,Lakshmipur,BN974,Gillnet,45,1,0
1993,3,Lakshmipur,BN975,Gillnet,100,1,0
1993,3,Lakshmipur,BN976,Gillnet,85,1,0
1993,3,Lakshmipur,BN977,Gillnet,35,1,8
1993,3,Lakshmipur,BN978,Gillnet,40,1,7
1993,3,Lakshmipur,BN979,Gillnet,30,1,0
1993,3,Lakshmipur,BN980,Gillnet,15,1,3
1993,3,Lakshmipur,BN981,Gillnet,30,1,8
1993,3,Lakshmipur,BN982,Gillnet,25,1,4
1993,4,Lakshmipur,BN1027,Gillnet,150,1,4
1993,4,Lakshmipur,BN1028,Gillnet,100,1,1
1993,4,Lakshmipur,BN1029,Gillnet,65,1,1
1993,4,Lakshmipur,BN1030,Gillnet,100,1,3
1993,4,Lakshmipur,BN1031,Gillnet,100,1,2
1993,4,Lakshmipur,BN1032,Gillnet,150,1,5
1993,4,Lakshmipur,BN1033,Gillnet,100,1,3
1993,4,Lakshmipur,BN1034,Gillnet,100,1,5
1993,4,Lakshmipur,BN1035,Gillnet,150,1,13
1993,4,Lakshmipur,BN1040,Gillnet,150,1,9
1993,4,Lakshmipur,BN1041,Gillnet,150,1,5
1993,4,Lakshmipur,BN1042,Gillnet,100,1,7
1993,4,Lakshmipur,BN1043,Gillnet,200,1,3
1993,4,Lakshmipur,BN1044,Gillnet,50,1,2
1993,4,Lakshmipur,BN1045,Gillnet,100,1,2
1993,4,Lakshmipur,BN1046,Gillnet,30,1,1
1993,4,Lakshmipur,BN1047,Gillnet,50,1,2
1993,4,Lakshmipur,BN1048,Gillnet,130,1,1
1993,4,Lakshmipur,BN1049,Gillnet,120,1,4
1993,5,Lakshmipur,BN1095,Gillnet,150,1,15
1993,5,Lakshmipur,BN1096,Gillnet,100,1,2
1993,5,Lakshmipur,BN1097,Gillnet,150,1,34
1993,5,Lakshmipur,BN1098,Gillnet,150,1,5
1993,5,Lakshmipur,BN1099,Gillnet,120,1,24
1993,5,Lakshmipur,BN1100,Gillnet,200,1,14
1993,5,Lakshmipur,BN1101,Gillnet,120,1,3
1993,5,Lakshmipur,BN1102,Gillnet,100,1,6
1993,5,Lakshmipur,BN1103,Gillnet,200,1,6
1993,5,Lakshmipur,BN1104,Gillnet,150,1,5
1993,5,Lakshmipur,BN1105,Gillnet,150,1,5
1993,5,Lakshmipur,BN1106,Gillnet,200,1,10
1993,5,Lakshmipur,BN1107,Gillnet,150,1,4
1993,5,Lakshmipur,BN1108,Gillnet,150,1,6
1993,5,Lakshmipur,BN1109,Gillnet,120,1,3
1993,5,Lakshmipur,BN1110,Gillnet,60,1,1
1993,5,Lakshmipur,BN1111,Gillnet,200,1,14
1993,5,Lakshmipur,BN1112,Gillnet,50,1,2
1993,5,Lakshmipur,BN1113,Gillnet,150,1,5
1993,5,Lakshmipur,BN1114,Gillnet,40,1,1
1993,5,Lakshmipur,BN1115,Gillnet,150,1,4
1993,5,Lakshmipur,BN1116,Gillnet,100,1,5
1993,5,Lakshmipur,BN1117,Gillnet,100,1,3
1993,6,Lakshmipur,BN1179,Gillnet,40,1,3
1993,6,Lakshmipur,BN1180,Gillnet,50,2,4
1993,6,Lakshmipur,BN1181,Gillnet,80,2,5
1993,6,Lakshmipur,BN1182,Gillnet,35,1,3
1993,6,Lakshmipur,BN1183,Gillnet,35,1,2
1993,6,Lakshmipur,BN1184,Gillnet,30,1,3
1993,6,Lakshmipur,BN1185,Gillnet,80,1,7
1993,6,Lakshmipur,BN1186,Gillnet,30,1,2
1993,6,Lakshmipur,BN1187,Gillnet,75,1,10
1993,6,Lakshmipur,BN1188,Gillnet,30,1,2
1993,6,Lakshmipur,BN1189,Gillnet,20,1,2
1993,6,Lakshmipur,BN1190,Gillnet,80,1,7
1993,6,Lakshmipur,BN1191,Gillnet,70,1,15
1993,6,Lakshmipur,BN1192,Gillnet,45,1,3
1993,6,Lakshmipur,BN1193,Gillnet,75,1,7
1993,6,Lakshmipur,BN1194,Gillnet,45,1,5
1993,6,Lakshmipur,BN1195,Gillnet,45,1,5
1993,6,Lakshmipur,BN1196,Gillnet,45,1,6
1993,6,Lakshmipur,BN1197,Gillnet,35,1,5
1993,6,Lakshmipur,BN1198,Gillnet,80,1,18
1993,6,Lakshmipur,BN1199,Gillnet,40,1,6
1993,6,Lakshmipur,BN1200,Gillnet,40,1,5
1993,6,Lakshmipur,BN1201,Gillnet,30,1,3
1992,8,Lalpur,BN207,Gillnet,14,1,6
1992,9,Lalpur,BN318,Gillnet,46,1,4
1992,11,Lalpur,BN515,Gillnet,9,1,3
1993,6,Lalpur,BN1178,Gillnet,40,1,2
1992,7,Logimara,BN069,Gillnet,120,1,4
1992,8,Logimara,BN208,Gillnet,101,1,3
1992,9,Logimara,BN319,Gillnet,69,1,20
1992,11,Logimara,BN517,Gillnet,12,1,4
1992,12,Logimara,BN635,Gillnet,46,1,4
1992,12,Logimara,BN636,Gillnet,21,1,2
1992,12,Logimara,BN638,Gillnet,9,1,0
1992,12,Logimara,BN640,Gillnet,32,1,4
1992,7,LowerMeghna,BN075,Gillnet,37,1,0
1992,7,LowerMeghna,BN076,Gillnet,61,1,4
1992,7,LowerMeghna,BN077,Gillnet,67,1,0
1992,7,LowerMeghna,BN078,Gillnet,58,1,0
1992,7,LowerMeghna,BN079,Gillnet,33,1,0
1992,7,LowerMeghna,BN080,Gillnet,47,1,2
1992,7,LowerMeghna,BN081,Gillnet,29,1,0
1992,7,LowerMeghna,BN082,Gillnet,37,1,0
1992,7,LowerMeghna,BN083,Gillnet,44,1,3
1992,7,LowerMeghna,BN084,Gillnet,67,1,2
1992,7,LowerMeghna,BN085,Gillnet,33,1,1
1992,7,LowerMeghna,BN086,Gillnet,54,1,3
1992,7,LowerMeghna,BN087,Gillnet,82,1,4
1992,7,LowerMeghna,BN088,Gillnet,59,1,14
1992,7,LowerMeghna,BN089,Gillnet,39,1,0
1992,7,LowerMeghna,BN090,Gillnet,62,1,3
1992,7,LowerMeghna,BN091,Gillnet,59,1,5
1992,7,LowerMeghna,BN092,Gillnet,28,1,0
1992,7,LowerMeghna,BN093,Gillnet,38,1,1
1992,7,LowerMeghna,BN094,Gillnet,32,1,2
1992,7,LowerMeghna,BN095,Gillnet,46,1,7
1992,7,LowerMeghna,BN096,Gillnet,33,1,6
1992,7,LowerMeghna,BN097,Gillnet,32,1,4
1992,7,LowerMeghna,BN098,Gillnet,33,1,4
1992,7,LowerMeghna,BN099,Gillnet,55,1,5
1992,7,LowerMeghna,BN100,Gillnet,55,1,5
1992,7,LowerMeghna,BN101,Gillnet,38,1,0
1992,7,LowerMeghna,BN102,Gillnet,32,1,0
1992,7,LowerMeghna,BN103,Gillnet,42,1,2
1992,7,LowerMeghna,BN104,Gillnet,43,1,1
1992,7,LowerMeghna,BN105,Gillnet,68,1,1
1992,7,LowerMeghna,BN106,Gillnet,105,1,5
1992,7,LowerMeghna,BN107,Gillnet,76,1,3
1992,7,LowerMeghna,BN108,Gillnet,105,1,4
1992,8,LowerMeghna,BN209,Gillnet,62,1,0
1992,8,LowerMeghna,BN210,Gillnet,65,1,4
1992,8,LowerMeghna,BN211,Gillnet,59,1,3
1992,8,LowerMeghna,BN212,Gillnet,35,1,2
1992,8,LowerMeghna,BN213,Gillnet,39,1,3
1992,8,LowerMeghna,BN214,Gillnet,75,1,2
1992,8,LowerMeghna,BN215,Gillnet,44,1,2
1992,8,LowerMeghna,BN216,Gillnet,36,1,2
1992,8,LowerMeghna,BN217,Gillnet,32,1,0
1992,8,LowerMeghna,BN218,Gillnet,33,1,0
1992,8,LowerMeghna,BN219,Gillnet,41,1,2
1992,8,LowerMeghna,BN220,Gillnet,64,1,5
1992,8,LowerMeghna,BN221,Gillnet,70,1,7
1992,8,LowerMeghna,BN222,Gillnet,38,1,2
1992,8,LowerMeghna,BN223,Gillnet,34,1,3
1992,8,LowerMeghna,BN224,Gillnet,35,1,2
1992,8,LowerMeghna,BN225,Gillnet,67,1,0
1992,8,LowerMeghna,BN226,Gillnet,75,1,1
1992,8,LowerMeghna,BN227,Gillnet,50,1,5
1992,8,LowerMeghna,BN228,Gillnet,52,1,6
1992,8,LowerMeghna,BN229,Gillnet,48,1,0
1992,8,LowerMeghna,BN230,Gillnet,25,1,0
1992,8,LowerMeghna,BN231,Gillnet,45,1,0
1992,8,LowerMeghna,BN232,Gillnet,52,1,3
1992,8,LowerMeghna,BN233,Gillnet,52,1,0
1992,8,LowerMeghna,BN234,Gillnet,40,1,0
1992,8,LowerMeghna,BN235,Gillnet,36,1,0
1992,8,LowerMeghna,BN236,Gillnet,78,1,2
1992,8,LowerMeghna,BN237,Gillnet,103,1,4
1992,8,LowerMeghna,BN238,Gillnet,33,1,0
1992,8,LowerMeghna,BN239,Gillnet,42,1,4
1992,8,LowerMeghna,BN240,Gillnet,31,1,0
1992,8,LowerMeghna,BN241,Gillnet,32,1,0
1992,8,LowerMeghna,BN242,Gillnet,35,1,4
1992,8,LowerMeghna,BN243,Gillnet,34,1,0
1992,8,LowerMeghna,BN244,Gillnet,57,1,5
1992,8,LowerMeghna,BN245,Gillnet,56,1,1
1992,8,LowerMeghna,BN246,Gillnet,67,1,8
1992,8,LowerMeghna,BN247,Gillnet,65,1,3
1992,9,LowerMeghna,BN334,Gillnet,59,1,4
1992,9,LowerMeghna,BN335,Gillnet,62,1,7
1992,9,LowerMeghna,BN336,Gillnet,50,1,3
1992,9,LowerMeghna,BN337,Gillnet,53,1,5
1992,9,LowerMeghna,BN338,Gillnet,33,1,3
1992,9,LowerMeghna,BN339,Gillnet,58,1,7
1992,9,LowerMeghna,BN340,Gillnet,46,1,5
1992,9,LowerMeghna,BN341,Gillnet,41,1,4
1992,9,LowerMeghna,BN342,Gillnet,29,1,3
1992,9,LowerMeghna,BN343,Gillnet,45,1,7
1992,9,LowerMeghna,BN344,Gillnet,45,1,5
1992,9,LowerMeghna,BN345,Gillnet,52,1,7
1992,9,LowerMeghna,BN346,Gillnet,32,1,3
1992,9,LowerMeghna,BN347,Gillnet,51,1,0
1992,9,LowerMeghna,BN348,Gillnet,51,1,0
1992,9,LowerMeghna,BN349,Gillnet,40,1,7
1992,9,LowerMeghna,BN350,Gillnet,38,1,4
1992,9,LowerMeghna,BN351,Gillnet,38,1,15
1992,9,LowerMeghna,BN352,Gillnet,37,1,6
1992,9,LowerMeghna,BN353,Gillnet,73,1,20
1992,9,LowerMeghna,BN354,Gillnet,72,1,15
1992,9,LowerMeghna,BN355,Gillnet,23,1,0
1992,9,LowerMeghna,BN356,Gillnet,19,1,2
1992,9,LowerMeghna,BN357,Gillnet,55,1,0
1992,9,LowerMeghna,BN358,Gillnet,29,1,5
1992,9,LowerMeghna,BN359,Gillnet,64,1,7
1992,9,LowerMeghna,BN360,Gillnet,62,1,0
1992,9,LowerMeghna,BN361,Gillnet,72,1,0
1992,9,LowerMeghna,BN362,Gillnet,75,1,12
1992,9,LowerMeghna,BN363,Gillnet,42,1,4
1992,9,LowerMeghna,BN364,Gillnet,40,1,3
1992,9,LowerMeghna,BN365,Gillnet,69,1,17
1992,9,LowerMeghna,BN366,Gillnet,57,1,4
1992,10,LowerMeghna,BN430,Gillnet,31,1,4
1992,10,LowerMeghna,BN431,Gillnet,42,1,4
1992,10,LowerMeghna,BN432,Gillnet,57,1,9
1992,10,LowerMeghna,BN433,Gillnet,43,1,6
1992,10,LowerMeghna,BN434,Gillnet,30,1,4
1992,10,LowerMeghna,BN435,Gillnet,37,1,0
1992,10,LowerMeghna,BN436,Gillnet,45,1,9
1992,10,LowerMeghna,BN437,Gillnet,37,1,5
1992,10,LowerMeghna,BN438,Gillnet,30,1,4
1992,10,LowerMeghna,BN439,Gillnet,42,1,2
1992,10,LowerMeghna,BN440,Gillnet,37,1,4
1992,10,LowerMeghna,BN441,Gillnet,61,1,9
1992,10,LowerMeghna,BN442,Gillnet,32,1,7
1992,10,LowerMeghna,BN443,Gillnet,38,1,4
1992,10,LowerMeghna,BN444,Gillnet,62,1,8
1992,10,LowerMeghna,BN445,Gillnet,33,1,4
1992,10,LowerMeghna,BN446,Gillnet,37,1,3
1992,10,LowerMeghna,BN447,Gillnet,68,1,10
1992,10,LowerMeghna,BN448,Gillnet,58,1,13
1992,10,LowerMeghna,BN449,Gillnet,34,1,7
1992,10,LowerMeghna,BN450,Gillnet,36,1,2
1992,10,LowerMeghna,BN451,Gillnet,55,1,4
1992,10,LowerMeghna,BN452,Gillnet,55,1,5
1992,10,LowerMeghna,BN453,Gillnet,35,1,5
1992,10,LowerMeghna,BN454,Gillnet,35,1,7
1992,10,LowerMeghna,BN455,Gillnet,69,1,14
1992,10,LowerMeghna,BN456,Gillnet,67,1,8
1992,10,LowerMeghna,BN457,Gillnet,39,1,3
1992,10,LowerMeghna,BN458,Gillnet,44,1,9
1992,10,LowerMeghna,BN459,Gillnet,44,1,0
1992,10,LowerMeghna,BN460,Gillnet,82,1,6
1992,10,LowerMeghna,BN461,Gillnet,31,1,2
1992,10,LowerMeghna,BN462,Gillnet,30,1,0
1992,10,LowerMeghna,BN463,Gillnet,75,1,130
1992,10,LowerMeghna,BN464,Gillnet,79,1,344
1992,11,LowerMeghna,BN523,Gillnet,29,1,1
1992,11,LowerMeghna,BN524,Gillnet,33,1,2
1992,11,LowerMeghna,BN525,Gillnet,73,1,2
1992,11,LowerMeghna,BN526,Gillnet,55,1,0
1992,11,LowerMeghna,BN527,Gillnet,40,1,0
1992,11,LowerMeghna,BN528,Gillnet,78,1,6
1992,11,LowerMeghna,BN529,Gillnet,33,1,2
1992,11,LowerMeghna,BN530,Gillnet,37,1,0
1992,11,LowerMeghna,BN531,Gillnet,58,1,2
1992,11,LowerMeghna,BN532,Gillnet,28,1,0
1992,11,LowerMeghna,BN533,Gillnet,29,1,2
1992,11,LowerMeghna,BN534,Gillnet,40,1,0
1992,11,LowerMeghna,BN535,Gillnet,64,1,3
1992,11,LowerMeghna,BN536,Gillnet,40,1,1
1992,11,LowerMeghna,BN537,Gillnet,65,1,3
1992,11,LowerMeghna,BN538,Gillnet,43,1,0
1992,11,LowerMeghna,BN539,Gillnet,41,1,2
1992,11,LowerMeghna,BN540,Gillnet,34,1,2
1992,11,LowerMeghna,BN541,Gillnet,41,1,0
1992,11,LowerMeghna,BN542,Gillnet,52,1,6
1992,11,LowerMeghna,BN543,Gillnet,68,1,6
1992,11,LowerMeghna,BN544,Gillnet,34,1,0
1992,11,LowerMeghna,BN545,Gillnet,52,1,3
1992,11,LowerMeghna,BN546,Gillnet,34,1,0
1992,11,LowerMeghna,BN547,Gillnet,57,1,7
1992,11,LowerMeghna,BN548,Gillnet,56,1,4
1992,11,LowerMeghna,BN549,Gillnet,39,1,6
1992,11,LowerMeghna,BN550,Gillnet,50,1,6
1992,11,LowerMeghna,BN551,Gillnet,43,1,0
1992,11,LowerMeghna,BN552,Gillnet,53,1,0
1992,11,LowerMeghna,BN553,Gillnet,38,1,0
1992,11,LowerMeghna,BN554,Gillnet,34,1,5
1992,11,LowerMeghna,BN555,Gillnet,39,1,3
1992,11,LowerMeghna,BN556,Gillnet,41,1,0
1992,11,LowerMeghna,BN557,Gillnet,40,1,4
1992,11,LowerMeghna,BN558,Gillnet,62,1,0
1992,11,LowerMeghna,BN559,Gillnet,55,1,13
1992,12,LowerMeghna,BN665,Gillnet,45,1,1
1992,12,LowerMeghna,BN666,Gillnet,75,1,2
1992,12,LowerMeghna,BN667,Gillnet,65,1,4
1992,12,LowerMeghna,BN668,Gillnet,41,1,0
1992,12,LowerMeghna,BN669,Gillnet,63,1,2
1992,12,LowerMeghna,BN670,Gillnet,35,1,0
1992,12,LowerMeghna,BN671,Gillnet,67,1,7
1992,12,LowerMeghna,BN672,Gillnet,72,1,2
1992,12,LowerMeghna,BN673,Gillnet,77,1,7
1992,12,LowerMeghna,BN674,Gillnet,30,1,0
1992,12,LowerMeghna,BN675,Gillnet,55,1,6
1992,12,LowerMeghna,BN676,Gillnet,47,1,4
1992,12,LowerMeghna,BN677,Gillnet,47,1,0
1992,12,LowerMeghna,BN678,Gillnet,75,1,3
1992,12,LowerMeghna,BN679,Gillnet,40,1,0
1992,12,LowerMeghna,BN680,Gillnet,66,1,8
1992,12,LowerMeghna,BN681,Gillnet,46,1,0
1992,12,LowerMeghna,BN682,Gillnet,43,1,0
1992,12,LowerMeghna,BN683,Gillnet,63,1,7
1992,12,LowerMeghna,BN684,Gillnet,62,1,9
1992,12,LowerMeghna,BN685,Gillnet,75,1,7
1992,12,LowerMeghna,BN686,Gillnet,55,1,0
1992,12,LowerMeghna,BN687,Gillnet,52,1,4
1992,12,LowerMeghna,BN688,Gillnet,49,1,0
1992,12,LowerMeghna,BN689,Gillnet,39,1,1
1992,12,LowerMeghna,BN690,Gillnet,68,1,3
1992,12,LowerMeghna,BN691,Gillnet,62,1,4
1992,12,LowerMeghna,BN692,Gillnet,72,1,6
1992,12,LowerMeghna,BN693,Gillnet,43,1,7
1992,12,LowerMeghna,BN694,Gillnet,89,1,7
1992,12,LowerMeghna,BN695,Gillnet,57,1,6
1992,12,LowerMeghna,BN696,Gillnet,140,4,45
1992,12,LowerMeghna,BN697,Gillnet,35,1,2
1992,12,LowerMeghna,BN698,Gillnet,72,1,4
1992,12,LowerMeghna,BN699,Gillnet,73,1,7
1992,12,LowerMeghna,BN700,Gillnet,64,1,0
1992,12,LowerMeghna,BN701,Gillnet,43,1,2
1992,12,LowerMeghna,BN702,Gillnet,63,1,6
1992,12,LowerMeghna,BN703,Gillnet,42,1,0
1992,12,LowerMeghna,BN704,Gillnet,45,1,2
1992,12,LowerMeghna,BN705,Gillnet,46,1,5
1993,1,LowerMeghna,BN758,Gillnet,34,1,7
1993,1,LowerMeghna,BN759,Gillnet,32,1,4
1993,1,LowerMeghna,BN760,Gillnet,62,1,13
1993,1,LowerMeghna,BN761,Gillnet,40,1,4
1993,1,LowerMeghna,BN762,Gillnet,67,1,10
1993,1,LowerMeghna,BN763,Gillnet,40,1,7
1993,1,LowerMeghna,BN764,Gillnet,45,1,13
1993,1,LowerMeghna,BN765,Gillnet,60,1,23
1993,1,LowerMeghna,BN766,Gillnet,32,1,8
1993,1,LowerMeghna,BN767,Gillnet,75,1,14
1993,1,LowerMeghna,BN768,Gillnet,36,1,0
1993,1,LowerMeghna,BN769,Gillnet,40,1,6
1993,1,LowerMeghna,BN770,Gillnet,70,1,8
1993,1,LowerMeghna,BN771,Gillnet,66,1,17
1993,1,LowerMeghna,BN772,Gillnet,39,1,5
1993,1,LowerMeghna,BN773,Gillnet,40,1,6
1993,1,LowerMeghna,BN774,Gillnet,45,1,16
1993,1,LowerMeghna,BN775,Gillnet,65,1,14
1993,1,LowerMeghna,BN776,Gillnet,38,1,6
1993,1,LowerMeghna,BN777,Gillnet,42,1,7
1993,1,LowerMeghna,BN778,Gillnet,55,1,13
1993,1,LowerMeghna,BN779,Gillnet,47,1,3
1993,1,LowerMeghna,BN780,Gillnet,40,1,0
1993,1,LowerMeghna,BN781,Gillnet,66,1,17
1993,1,LowerMeghna,BN782,Gillnet,44,1,5
1993,1,LowerMeghna,BN783,Gillnet,52,1,9
1993,1,LowerMeghna,BN786,Gillnet,50,1,0
1993,1,LowerMeghna,BN788,Gillnet,70,1,10
1993,1,LowerMeghna,BN799,Gillnet,43,1,4
1993,1,LowerMeghna,BN800,Gillnet,51,1,16
1993,1,LowerMeghna,BN801,Gillnet,48,1,3
1993,1,LowerMeghna,BN802,Gillnet,63,1,6
1993,1,LowerMeghna,BN803,Gillnet,50,1,7
1993,1,LowerMeghna,BN804,Gillnet,45,1,7
1993,1,LowerMeghna,BN805,Gillnet,67,1,13
1993,1,LowerMeghna,BN806,Gillnet,57,1,9
1993,1,LowerMeghna,BN807,Gillnet,39,1,3
1993,1,LowerMeghna,BN808,Gillnet,55,1,8
1993,1,LowerMeghna,BN809,Gillnet,63,1,7
1993,1,LowerMeghna,BN810,Gillnet,80,1,14
1993,1,LowerMeghna,BN811,Gillnet,45,1,6
1993,1,LowerMeghna,BN812,Gillnet,60,1,19
1993,1,LowerMeghna,BN813,Gillnet,47,1,3
1993,2,LowerMeghna,BN815,Gillnet,51,1,4
1993,2,LowerMeghna,BN816,Gillnet,64,1,2
1993,2,LowerMeghna,BN817,Gillnet,100,1,4
1993,2,LowerMeghna,BN818,Gillnet,58,1,6
1993,2,LowerMeghna,BN819,Gillnet,60,1,2
1993,2,LowerMeghna,BN820,Gillnet,55,1,3
1993,2,LowerMeghna,BN821,Gillnet,45,1,1
1993,2,LowerMeghna,BN822,Gillnet,49,1,2
1993,2,LowerMeghna,BN823,Gillnet,62,1,4
1993,2,LowerMeghna,BN824,Gillnet,45,1,1
1993,2,LowerMeghna,BN825,Gillnet,70,1,3
1993,2,LowerMeghna,BN826,Gillnet,45,1,2
1993,2,LowerMeghna,BN827,Gillnet,55,1,3
1993,2,LowerMeghna,BN828,Gillnet,39,1,1
1993,2,LowerMeghna,BN829,Gillnet,59,1,4
1993,2,LowerMeghna,BN830,Gillnet,58,1,4
1993,2,LowerMeghna,BN831,Gillnet,59,1,3
1993,2,LowerMeghna,BN832,Gillnet,70,1,4
1993,2,LowerMeghna,BN833,Gillnet,55,1,2
1993,2,LowerMeghna,BN834,Gillnet,42,1,1
1993,2,LowerMeghna,BN835,Gillnet,60,1,3
1993,2,LowerMeghna,BN836,Gillnet,52,1,2
1993,2,LowerMeghna,BN837,Gillnet,75,1,4
1993,2,LowerMeghna,BN838,Gillnet,62,1,5
1993,2,LowerMeghna,BN839,Gillnet,82,1,3
1993,2,LowerMeghna,BN840,Gillnet,55,1,2
1993,2,LowerMeghna,BN841,Gillnet,60,1,4
1993,2,LowerMeghna,BN842,Gillnet,120,1,6
1993,2,LowerMeghna,BN843,Gillnet,42,1,1
1993,2,LowerMeghna,BN845,Gillnet,44,1,3
1993,3,LowerMeghna,BN940,Gillnet,49,1,3
1993,3,LowerMeghna,BN941,Gillnet,95,1,4
1993,3,LowerMeghna,BN942,Gillnet,48,1,2
1993,3,LowerMeghna,BN943,Gillnet,62,1,1
1993,3,LowerMeghna,BN944,Gillnet,75,1,2
1993,3,LowerMeghna,BN945,Gillnet,55,1,1
1993,3,LowerMeghna,BN946,Gillnet,60,1,2
1993,3,LowerMeghna,BN947,Gillnet,60,1,3
1993,3,LowerMeghna,BN948,Gillnet,45,1,1
1993,3,LowerMeghna,BN949,Gillnet,38,1,1
1993,3,LowerMeghna,BN950,Gillnet,45,1,1
1993,3,LowerMeghna,BN951,Gillnet,79,1,2
1993,3,LowerMeghna,BN952,Gillnet,46,1,1
1993,3,LowerMeghna,BN953,Gillnet,40,1,2
1993,4,LowerMeghna,BN1013,Gillnet,40,1,1
1993,4,LowerMeghna,BN1014,Gillnet,92,1,3
1993,4,LowerMeghna,BN1015,Gillnet,40,1,1
1993,4,LowerMeghna,BN1016,Gillnet,82,1,2
1993,4,LowerMeghna,BN1017,Gillnet,46,1,2
1993,4,LowerMeghna,BN1018,Gillnet,52,1,3
1993,4,LowerMeghna,BN1019,Gillnet,55,1,6
1993,4,LowerMeghna,BN1020,Gillnet,45,1,1
1993,4,LowerMeghna,BN1023,Gillnet,33,1,2
1993,4,LowerMeghna,BN1024,Gillnet,37,1,0
1993,5,LowerMeghna,BN1069,Gillnet,61,1,3
1993,5,LowerMeghna,BN1070,Gillnet,32,1,2
1993,5,LowerMeghna,BN1071,Gillnet,36,1,2
1993,5,LowerMeghna,BN1072,Gillnet,65,1,3
1993,5,LowerMeghna,BN1073,Gillnet,78,1,4
1993,5,LowerMeghna,BN1074,Gillnet,55,1,1
1993,5,LowerMeghna,BN1075,Gillnet,50,1,2
1993,5,LowerMeghna,BN1076,Gillnet,70,1,4
1993,5,LowerMeghna,BN1077,Gillnet,60,1,3
1993,5,LowerMeghna,BN1078,Gillnet,38,1,2
1993,5,LowerMeghna,BN1079,Gillnet,77,1,13
1993,5,LowerMeghna,BN1080,Gillnet,80,1,6
1993,5,LowerMeghna,BN1081,Gillnet,65,1,5
1993,5,LowerMeghna,BN1082,Gillnet,55,1,0
1993,5,LowerMeghna,BN1083,Gillnet,45,1,1
1993,5,LowerMeghna,BN1084,Gillnet,46,1,2
1993,5,LowerMeghna,BN1085,Gillnet,70,1,7
1993,5,LowerMeghna,BN1086,Gillnet,55,1,3
1993,5,LowerMeghna,BN1087,Gillnet,61,1,2
1993,5,LowerMeghna,BN1088,Gillnet,47,1,2
1993,5,LowerMeghna,BN1089,Gillnet,83,1,6
1993,6,LowerMeghna,BN1138,Gillnet,56,1,0
1993,6,LowerMeghna,BN1139,Gillnet,38,1,1
1993,6,LowerMeghna,BN1140,Gillnet,55,1,1
1993,6,LowerMeghna,BN1141,Gillnet,60,1,2
1993,6,LowerMeghna,BN1142,Gillnet,70,1,8
1993,6,LowerMeghna,BN1143,Gillnet,51,1,2
1993,6,LowerMeghna,BN1144,Gillnet,61,1,3
1993,6,LowerMeghna,BN1145,Gillnet,63,1,7
1993,6,LowerMeghna,BN1146,Gillnet,54,1,1
1993,6,LowerMeghna,BN1147,Gillnet,65,1,4
1993,6,LowerMeghna,BN1148,Gillnet,44,1,1
1993,6,LowerMeghna,BN1149,Gillnet,76,1,7
1993,6,LowerMeghna,BN1150,Gillnet,81,1,8
1993,6,LowerMeghna,BN1151,Gillnet,43,1,3
1993,6,LowerMeghna,BN1152,Gillnet,69,1,5
1993,6,LowerMeghna,BN1153,Gillnet,42,1,2
1993,6,LowerMeghna,BN1154,Gillnet,68,1,6
1993,6,LowerMeghna,BN1155,Gillnet,55,1,2
1993,6,LowerMeghna,BN1156,Gillnet,46,1,2
1993,6,LowerMeghna,BN1157,Gillnet,66,1,8
1993,6,LowerMeghna,BN1158,Gillnet,40,1,1
1993,6,LowerMeghna,BN1159,Gillnet,74,1,5
1993,6,LowerMeghna,BN1160,Gillnet,68,1,3
1993,6,LowerMeghna,BN1161,Gillnet,55,1,1
1993,6,LowerMeghna,BN1162,Gillnet,90,1,6
1993,6,LowerMeghna,BN1163,Gillnet,60,1,3
1993,6,LowerMeghna,BN1164,Gillnet,80,1,3
1992,7,LowerPadma,BN019,Gillnet,55,1,180
1992,7,LowerPadma,BN020,Gillnet,27,1,0
1992,7,LowerPadma,BN021,Gillnet,45,1,10
1992,7,LowerPadma,BN022,Gillnet,45,1,3
1992,7,LowerPadma,BN023,Gillnet,25,1,4
1992,7,LowerPadma,BN024,Gillnet,28,1,0
1992,7,LowerPadma,BN025,Gillnet,18,1,5
1992,7,LowerPadma,BN026,Gillnet,28,1,9
1992,7,LowerPadma,BN027,Gillnet,25,1,1
1992,7,LowerPadma,BN028,Gillnet,40,1,2
1992,7,LowerPadma,BN029,Gillnet,28,1,1
1992,7,LowerPadma,BN030,Gillnet,28,1,5
1992,7,LowerPadma,BN031,Gillnet,30,1,7
1992,7,LowerPadma,BN032,Gillnet,20,1,2
1992,7,LowerPadma,BN033,Gillnet,40,1,3
1992,7,LowerPadma,BN034,Gillnet,30,1,2
1992,7,LowerPadma,BN035,Gillnet,30,1,5
1992,7,LowerPadma,BN036,Gillnet,23,1,4
1992,7,LowerPadma,BN037,Gillnet,20,1,2
1992,7,LowerPadma,BN038,Gillnet,22,1,3
1992,7,LowerPadma,BN039,Gillnet,20,1,5
1992,7,LowerPadma,BN040,Gillnet,23,1,0
1992,7,LowerPadma,BN041,Gillnet,22,1,3
1992,7,LowerPadma,BN042,Gillnet,20,1,0
1992,7,LowerPadma,BN043,Gillnet,22,1,0
1992,7,LowerPadma,BN044,Gillnet,20,1,8
1992,7,LowerPadma,BN045,Gillnet,20,1,8
1992,7,LowerPadma,BN046,Gillnet,20,1,0
1992,7,LowerPadma,BN047,Gillnet,23,1,0
1992,7,LowerPadma,BN048,Gillnet,25,1,4
1992,7,LowerPadma,BN049,Gillnet,20,1,8
1992,7,LowerPadma,BN050,Gillnet,20,1,5
1992,7,LowerPadma,BN051,Gillnet,25,1,3
1992,7,LowerPadma,BN052,Gillnet,20,1,5
1992,7,LowerPadma,BN053,Gillnet,28,1,5
1992,8,LowerPadma,BN151,Gillnet,22,1,0
1992,8,LowerPadma,BN158,Gillnet,20,1,0
1992,8,LowerPadma,BN159,Gillnet,20,1,1
1992,8,LowerPadma,BN160,Gillnet,22,1,1
1992,8,LowerPadma,BN161,Gillnet,1,1,1
1992,8,LowerPadma,BN162,Gillnet,45,1,8
1992,8,LowerPadma,BN163,Gillnet,30,1,1
1992,8,LowerPadma,BN164,Gillnet,18,1,3
1992,8,LowerPadma,BN165,Gillnet,1,1,0
1992,8,LowerPadma,BN166,Gillnet,20,1,4
1992,8,LowerPadma,BN167,Gillnet,25,1,0
1992,8,LowerPadma,BN168,Gillnet,30,1,0
1992,8,LowerPadma,BN169,Gillnet,25,1,0
1992,8,LowerPadma,BN170,Gillnet,45,1,2
1992,8,LowerPadma,BN171,Gillnet,30,1,7
1992,8,LowerPadma,BN172,Gillnet,25,1,0
1992,8,LowerPadma,BN173,Gillnet,25,1,7
1992,8,LowerPadma,BN174,Gillnet,20,1,0
1992,8,LowerPadma,BN175,Gillnet,25,1,4
1992,8,LowerPadma,BN176,Gillnet,20,1,0
1992,8,LowerPadma,BN177,Gillnet,25,1,0
1992,8,LowerPadma,BN178,Gillnet,22,1,4
1992,8,LowerPadma,BN179,Gillnet,20,1,0
1992,8,LowerPadma,BN180,Gillnet,20,1,9
1992,8,LowerPadma,BN181,Gillnet,20,1,7
1992,8,LowerPadma,BN182,Gillnet,30,1,7
1992,9,LowerPadma,BN285,Gillnet,22,1,6
1992,9,LowerPadma,BN286,Gillnet,25,1,2
1992,9,LowerPadma,BN287,Gillnet,22,1,0
1992,9,LowerPadma,BN288,Gillnet,20,1,0
1992,9,LowerPadma,BN289,Gillnet,22,1,0
1992,9,LowerPadma,BN290,Gillnet,32,1,5
1992,9,LowerPadma,BN291,Gillnet,20,1,3
1992,9,LowerPadma,BN292,Gillnet,26,1,5
1992,9,LowerPadma,BN293,Gillnet,19,1,5
1992,9,LowerPadma,BN294,Gillnet,25,1,0
1992,9,LowerPadma,BN295,Gillnet,40,1,6
1992,9,LowerPadma,BN296,Gillnet,23,1,2
1992,9,LowerPadma,BN297,Gillnet,22,1,1
1992,9,LowerPadma,BN298,Gillnet,22,1,0
1992,9,LowerPadma,BN299,Gillnet,20,1,4
1992,9,LowerPadma,BN300,Gillnet,20,1,5
1992,9,LowerPadma,BN301,Gillnet,20,1,3
1992,9,LowerPadma,BN302,Gillnet,22,1,4
1992,9,LowerPadma,BN303,Gillnet,20,1,7
1992,9,LowerPadma,BN304,Gillnet,20,1,4
1992,9,LowerPadma,BN305,Gillnet,20,1,0
1992,9,LowerPadma,BN306,Gillnet,20,1,0
1992,9,LowerPadma,BN307,Gillnet,20,1,0
1992,9,LowerPadma,BN308,Gillnet,21,1,8
1992,10,LowerPadma,BN400,Gillnet,36,1,3
1992,10,LowerPadma,BN401,Gillnet,18,1,3
1992,10,LowerPadma,BN402,Gillnet,22,1,0
1992,10,LowerPadma,BN403,Gillnet,22,1,0
1992,10,LowerPadma,BN404,Gillnet,20,1,5
1992,10,LowerPadma,BN405,Gillnet,25,1,7
1992,10,LowerPadma,BN406,Gillnet,22,1,0
1992,10,LowerPadma,BN407,Gillnet,20,1,6
1992,10,LowerPadma,BN408,Gillnet,22,1,8
1992,10,LowerPadma,BN409,Gillnet,18,1,8
1992,10,LowerPadma,BN410,Gillnet,22,1,0
1992,10,LowerPadma,BN411,Gillnet,20,1,3
1992,10,LowerPadma,BN412,Gillnet,20,1,6
1992,10,LowerPadma,BN413,Gillnet,22,1,9
1992,10,LowerPadma,BN414,Gillnet,22,1,0
1992,10,LowerPadma,BN415,Gillnet,18,1,0
1992,10,LowerPadma,BN416,Gillnet,22,1,0
1992,11,LowerPadma,BN485,Gillnet,50,3,0
1992,11,LowerPadma,BN486,Gillnet,48,3,0
1992,11,LowerPadma,BN487,Gillnet,50,3,0
1992,11,LowerPadma,BN488,Gillnet,50,3,0
1992,11,LowerPadma,BN489,Gillnet,50,3,0
1992,11,LowerPadma,BN490,Gillnet,50,3,0
1992,11,LowerPadma,BN491,Gillnet,50,8,0
1992,11,LowerPadma,BN492,Gillnet,45,2,0
1992,11,LowerPadma,BN495,Gillnet,23,1,4
1992,11,LowerPadma,BN496,Gillnet,22,1,5
1992,11,LowerPadma,BN497,Gillnet,25,2,4
1992,11,LowerPadma,BN498,Gillnet,21,0,4
1992,11,LowerPadma,BN499,Gillnet,22,0,5
1992,11,LowerPadma,BN500,Gillnet,22,2,5
1992,11,LowerPadma,BN501,Gillnet,48,0,0
1992,11,LowerPadma,BN502,Gillnet,50,3,0
1992,11,LowerPadma,BN503,Gillnet,50,3,0
1992,11,LowerPadma,BN504,Gillnet,45,3,0
1992,11,LowerPadma,BN505,Gillnet,50,3,0
1992,11,LowerPadma,BN506,Gillnet,20,0,5
1992,11,LowerPadma,BN507,Gillnet,18,0,5
1992,11,LowerPadma,BN508,Gillnet,18,0,4
1992,11,LowerPadma,BN509,Gillnet,10,0,3
1992,11,LowerPadma,BN510,Gillnet,48,3,0
1992,11,LowerPadma,BN511,Gillnet,10,1,0
1992,11,LowerPadma,BN512,Gillnet,48,3,0
1992,12,LowerPadma,BN616,Gillnet,40,3,0
1992,12,LowerPadma,BN617,Gillnet,40,3,0
1992,12,LowerPadma,BN618,Gillnet,38,3,0
1992,12,LowerPadma,BN619,Gillnet,38,3,0
1992,12,LowerPadma,BN620,Gillnet,38,3,0
1992,12,LowerPadma,BN621,Gillnet,40,3,0
1992,12,LowerPadma,BN622,Gillnet,40,3,0
1992,12,LowerPadma,BN623,Gillnet,40,3,0
1992,12,LowerPadma,BN624,Gillnet,38,3,0
1992,12,LowerPadma,BN625,Gillnet,40,3,0
1992,12,LowerPadma,BN626,Gillnet,52,3,0
1992,12,LowerPadma,BN627,Gillnet,25,1,0
1992,12,LowerPadma,BN628,Gillnet,48,3,0
1992,12,LowerPadma,BN629,Gillnet,48,3,0
1993,1,LowerPadma,BN718,Gillnet,32,2,0
1993,1,LowerPadma,BN719,Gillnet,30,2,0
1993,1,LowerPadma,BN720,Gillnet,30,2,0
1993,1,LowerPadma,BN721,Gillnet,32,1,0
1993,1,LowerPadma,BN722,Gillnet,32,2,0
1993,1,LowerPadma,BN723,Gillnet,35,1,0
1993,1,LowerPadma,BN724,Gillnet,35,2,0
1993,1,LowerPadma,BN725,Gillnet,40,2,0
1993,1,LowerPadma,BN726,Gillnet,40,1,0
1993,1,LowerPadma,BN727,Gillnet,45,2,0
1993,1,LowerPadma,BN728,Gillnet,42,1,0
1993,1,LowerPadma,BN729,Gillnet,40,3,0
1993,1,LowerPadma,BN730,Gillnet,17,2,10
1993,1,LowerPadma,BN731,Gillnet,40,2,0
1993,1,LowerPadma,BN732,Gillnet,16,2,8
1993,1,LowerPadma,BN733,Gillnet,12,3,0
1993,1,LowerPadma,BN784,Gillnet,16,2,50
1993,1,LowerPadma,BN785,Gillnet,12,3,0
1993,1,LowerPadma,BN787,Gillnet,42,2,0
1993,1,LowerPadma,BN789,Gillnet,18,2,12
1993,1,LowerPadma,BN790,Gillnet,40,2,0
1993,1,LowerPadma,BN791,Gillnet,19,2,0
1993,1,LowerPadma,BN792,Gillnet,26,2,11
1993,1,LowerPadma,BN793,Gillnet,32,1,0
1993,1,LowerPadma,BN794,Gillnet,28,2,0
1993,1,LowerPadma,BN795,Gillnet,31,1,0
1993,1,LowerPadma,BN796,Gillnet,17,1,10
1993,1,LowerPadma,BN797,Gillnet,32,1,0
1993,1,LowerPadma,BN798,Gillnet,28,1,0
1993,2,LowerPadma,BN914,Gillnet,170,2,18
1993,2,LowerPadma,BN915,Gillnet,20,3,0
1993,2,LowerPadma,BN916,Gillnet,60,2,15
1993,2,LowerPadma,BN917,Gillnet,60,2,20
1993,2,LowerPadma,BN918,Gillnet,232,2,80
1993,2,LowerPadma,BN919,Gillnet,42,2,20
1993,2,LowerPadma,BN920,Gillnet,122,2,15
1993,2,LowerPadma,BN921,Gillnet,53,2,10
1993,2,LowerPadma,BN922,Gillnet,120,2,18
1993,2,LowerPadma,BN923,Gillnet,60,1,15
1993,2,LowerPadma,BN924,Gillnet,44,2,22
1993,2,LowerPadma,BN925,Gillnet,20,1,0
1993,2,LowerPadma,BN926,Gillnet,63,2,30
1993,2,LowerPadma,BN927,Gillnet,250,2,80
1993,2,LowerPadma,BN928,Gillnet,75,1,25
1993,2,LowerPadma,BN929,Gillnet,40,1,0
1993,2,LowerPadma,BN930,Gillnet,180,2,36
1993,2,LowerPadma,BN931,Gillnet,160,2,27
1993,2,LowerPadma,BN932,Gillnet,55,2,30
1993,2,LowerPadma,BN933,Gillnet,62,1,15
1993,2,LowerPadma,BN934,Gillnet,180,2,20
1993,2,LowerPadma,BN935,Gillnet,250,2,75
1993,2,LowerPadma,BN936,Gillnet,60,2,20
1993,2,LowerPadma,BN937,Gillnet,40,1,0
1993,3,LowerPadma,BN1003,Gillnet,75,2,0
1993,3,LowerPadma,BN1004,Gillnet,75,2,0
1993,3,LowerPadma,BN1005,Gillnet,120,1,12
1993,3,LowerPadma,BN1006,Gillnet,120,1,0
1993,3,LowerPadma,BN1007,Gillnet,120,2,15
1993,3,LowerPadma,BN1008,Gillnet,130,2,12
1993,3,LowerPadma,BN1009,Gillnet,40,2,0
1993,3,LowerPadma,BN1010,Gillnet,20,2,0
1993,3,LowerPadma,BN1011,Gillnet,115,2,10
1993,3,LowerPadma,BN1012,Gillnet,115,2,0
1993,4,LowerPadma,BN1050,Gillnet,98,2,0
1993,4,LowerPadma,BN1051,Gillnet,110,1,0
1993,4,LowerPadma,BN1052,Gillnet,130,1,15
1993,4,LowerPadma,BN1053,Gillnet,60,2,20
1993,4,LowerPadma,BN1054,Gillnet,190,2,25
1993,4,LowerPadma,BN1055,Gillnet,110,1,18
1993,4,LowerPadma,BN1056,Gillnet,210,2,20
1993,4,LowerPadma,BN1057,Gillnet,120,1,0
1993,4,LowerPadma,BN1058,Gillnet,140,1,5
1993,4,LowerPadma,BN1059,Gillnet,140,2,18
1993,4,LowerPadma,BN1060,Gillnet,130,2,12
1993,4,LowerPadma,BN1061,Gillnet,20,1,60
1993,4,LowerPadma,BN1062,Gillnet,30,1,4
1993,4,LowerPadma,BN1063,Gillnet,20,1,70
1993,4,LowerPadma,BN1064,Gillnet,30,1,6
1993,4,LowerPadma,BN1065,Gillnet,31,1,10
1993,4,LowerPadma,BN1066,Gillnet,40,1,80
1993,4,LowerPadma,BN1067,Gillnet,20,1,50
1993,5,LowerPadma,BN1118,Gillnet,70,2,0
1993,5,LowerPadma,BN1119,Gillnet,120,2,5
1993,5,LowerPadma,BN1120,Gillnet,38,2,0
1993,5,LowerPadma,BN1121,Gillnet,160,1,7
1993,5,LowerPadma,BN1122,Gillnet,70,1,0
1993,5,LowerPadma,BN1123,Gillnet,140,2,0
1993,5,LowerPadma,BN1124,Gillnet,36,2,0
1993,5,LowerPadma,BN1125,Gillnet,90,2,0
1993,5,LowerPadma,BN1126,Gillnet,130,1,4
1993,5,LowerPadma,BN1127,Gillnet,40,2,0
1993,5,LowerPadma,BN1128,Gillnet,150,1,0
1993,5,LowerPadma,BN1129,Gillnet,90,1,5
1993,5,LowerPadma,BN1130,Gillnet,70,1,5
1993,5,LowerPadma,BN1131,Gillnet,40,1,0
1993,5,LowerPadma,BN1132,Gillnet,80,1,0
1993,5,LowerPadma,BN1133,Gillnet,42,2,0
1993,6,LowerPadma,BN1202,Gillnet,28,1,0
1993,6,LowerPadma,BN1203,Gillnet,85,1,0
1993,6,LowerPadma,BN1204,Gillnet,70,2,0
1993,6,LowerPadma,BN1205,Gillnet,80,2,0
1993,6,LowerPadma,BN1206,Gillnet,90,1,0
1993,6,LowerPadma,BN1207,Gillnet,110,1,8
1993,6,LowerPadma,BN1208,Gillnet,110,2,0
1993,6,LowerPadma,BN1209,Gillnet,30,1,0
1993,6,LowerPadma,BN1210,Gillnet,90,1,9
1993,6,LowerPadma,BN1211,Gillnet,120,1,0
1993,6,LowerPadma,BN1212,Gillnet,130,1,8
1993,6,LowerPadma,BN1213,Gillnet,120,1,0
1993,6,LowerPadma,BN1214,Gillnet,125,2,0
1993,6,LowerPadma,BN1215,Gillnet,120,1,5
1993,6,LowerPadma,BN1216,Gillnet,98,1,8
1993,6,LowerPadma,BN1217,Gillnet,115,2,0
1993,6,LowerPadma,BN1218,Gillnet,105,1,0
1993,6,LowerPadma,BN1219,Gillnet,110,1,0
1993,6,LowerPadma,BN1220,Gillnet,30,1,0
1993,6,LowerPadma,BN1221,Gillnet,80,1,9
1992,7,Monipur,BN070,Gillnet,92,1,10
1992,9,Monipur,BN316,Gillnet,92,1,12
1992,9,Monipur,BN317,Gillnet,64,1,17
1992,9,Monipur,BN320,Gillnet,64,1,12
1992,9,Monipur,BN328,Gillnet,23,1,6
1992,9,Monipur,BN330,Gillnet,101,1,6
1993,1,Monipur,BN713,Gillnet,25,1,35
1992,9,Mulhead,BN324,Gillnet,69,1,30
1993,6,Mulhead,BN1176,Gillnet,35,1,4
1993,6,Mulhead,BN1177,Gillnet,40,1,5
1992,8,Noakhali,BN185,Gillnet,200,4,11
1992,8,Noakhali,BN194,Gillnet,100,2,7
1992,8,Noakhali,BN201,Gillnet,100,2,7
1992,9,Noirhat,BN333,Gillnet,32,1,4
1992,10,Noirhat,BN388,Gillnet,55,1,12
1993,1,Noirhat,BN712,Gillnet,92,1,12
1993,2,Noirhat,BN887,Gillnet,30,1,4
1992,12,Rajrajeshwar,BN632,Gillnet,21,1,3
1992,12,Rajrajeshwar,BN634,Gillnet,23,1,2
1992,12,Rajrajeshwar,BN637,Gillnet,23,1,2
1992,12,Rajrajeshwar,BN639,Gillnet,37,1,4
1993,2,Rajrajeshwar,BN881,Gillnet,33,1,10
1993,2,Rajrajeshwar,BN882,Gillnet,30,1,3
1993,2,Rajrajeshwar,BN883,Gillnet,20,1,3
1993,2,Rajrajeshwar,BN884,Gillnet,20,1,5
1993,2,Rajrajeshwar,BN885,Gillnet,45,1,10
1993,2,Rajrajeshwar,BN886,Gillnet,30,1,4
1993,2,Rajrajeshwar,BN888,Gillnet,50,1,4
1993,2,Rajrajeshwar,BN889,Gillnet,56,1,5
1993,2,Rajrajeshwar,BN890,Gillnet,30,1,4
1993,2,Rajrajeshwar,BN891,Gillnet,20,1,4
1993,2,Rajrajeshwar,BN892,Gillnet,100,1,4
1993,2,Rajrajeshwar,BN893,Gillnet,60,1,0
1993,2,Rajrajeshwar,BN894,Gillnet,25,1,2
1993,6,Rajrajeshwar,BN1175,Gillnet,35,1,4
1992,9,Ronagoal,BN321,Gillnet,92,1,12
1992,9,Ronagoal,BN326,Gillnet,23,1,3